-- DML Data Manipulation Language (Lenguaje de manipulación de datos)
-- DML registros (Registros de prueba)


use herramientasCFP35;

-- Lista de registros cátalogo inicial + datos de prueba

insert into herramientas (	codigo_articulo	,	marca	,	tipo	,	descripcion	,	estado	) values 
(	6338	,	'BREMEN'	,	'MANUAL'	,'ALIC.C.OBLICUO BREMEN PROFESIONAL 6"',	'BUENA'	),
(	3953	,	'BREMEN'	,	'MANUAL'	,'ALIC.C OBLICUO BREMENO INDUSTRIAL 7"',	'BUENA'	),
(	6341	,	'BREMEN'	,	'MANUAL'	,'PINZA MEDIA CAÑA BREMEN PROFESIONAL 8"',	'BUENA'	),
(	3956	,	'BREMEN'	,	'MANUAL'	,'PINZA MEDIA CAÑA BREMEN INDUSTRIAL 6"',	'BUENA'	),
(	6344	,	'BREMEN'	,	'MANUAL'	,'PINZA PUNTA CHATA [Aislación Azul/Roja] BREMEN 6"(CrVa)',	'BUENA'	),
(	4205	,	'BREMEN'	,	'MANUAL'	,'PINZA PUNTA CHATA BREMENO INDUSTRIAL 6"',	'BUENA'	),
(	6347	,	'BREMEN'	,	'MANUAL'	,'PINZA UNIVERSAL BREMENO PROFESIONAL 8"',	'BUENA'	),
(	3960	,	'BREMEN'	,	'MANUAL'	,'PINZA UNIVERSAL BREMENO INDUSTRIAL 8"',	'BUENA'	),
(	5160	,	'BREMEN'	,	'MANUAL'	,'PICO DE LORO BREMEN 8" Mango Antidelizante y Blister',	'BUENA'	),
(	3958	,	'BREMEN'	,	'MANUAL'	,'PICO DE LORO BREMENO 10" Doble Cremallera y Aislacion',	'BUENA'	),
(	5319	,	'BREMEN'	,	'MANUAL'	,'PINZA SACAFILTRO DE ACEITE 60-90 MM BREMENR',	'BUENA'	),
(	5320	,	'BREMEN'	,	'MANUAL'	,'PINZA SACAFILTRO DE ACEITE 85-115 MM BREMENR',	'BUENA'	),
(	3972	,	'BREMEN'	,	'MANUAL'	,'PELACABLE AUTOMATICO FRONTAL 8" BREMEN®',	'BUENA'	),
(	6543	,	'BREMEN'	,	'MANUAL'	,'CRIMPEADORA para TERMINALES BREMEN® (RJ11-RJ12-RJ45)',	'BUENA'	),
(	4063	,	'BREMEN'	,	'MANUAL'	,'TENAZA CARPINTERO BREMEN 8" c/Aislación',	'BUENA'	),
(	7051	,	'BREMEN'	,	'MANUAL'	,'TENAZA ARMADOR 9 MEDIO CORTE BREMEN',	'BUENA'	),
(	4652	,	'BREMEN'	,	'MANUAL'	,'PINZA SEEGER LARGA = 270mm x 2 Pz. BREMEN®',	'BUENA'	),
(	4691	,	'BREMEN'	,	'MANUAL'	,'PINZA SEEGER EXTRA LARGA = 400mm x 2 Pz. BREMEN®',	'BUENA'	),
(	6728	,	'BREMEN'	,	'MANUAL'	,'BOC.JGO Enc 1/4" x 53 Pzs (Cortos + Largos + Puntas + Accesorios) BREMENR',	'BUENA'	),
(	6660	,	'BREMEN'	,	'MANUAL'	,'BOC.JGO Enc 1/2" x 22 Pzs con Accesorios (MM) BREMENO',	'BUENA'	),
(	5909	,	'BREMEN'	,	'MANUAL'	,'BOC JGO Enc.3/4" x 21 Pzs con Accesorios (MM) BREMENR',	'BUENA'	),
(	6729	,	'BREMEN'	,	'MANUAL'	,'BOC JGO Enc. 1/2" x 13 Pzs (LARGAS] (10-27mm) CAJA METÁLICA BREMENR',	'BUENA'	),
(	6157	,	'BREMEN'	,	'MANUAL'	,'LLAVE SAÇA BUJIA [Magnética Articulada] 16mm Cr-V BREMENO',	'BUENA'	),
(	6158	,	'BREMEN'	,	'MANUAL'	,'LLAVE SACA BUJIA [Magnética Articuladal 21mm Cr-V BREMENR',	'BUENA'	),
(	2906	,	'BREMEN'	,	'MANUAL'	,'TORX JGO.TUBOS x 9 Pzs (Enc. 1/2") (E8-E24) BREMENR',	'BUENA'	),
(	5779	,	'BREMEN'	,	'MANUAL'	,'TORX: JGO Bocallaves c/PtaTorx x 9Pzs (L100mm) (Ac-S2) BREMEN',	'BUENA'	),
(	4972	,	'BREMEN'	,	'MANUAL'	,'BOC.PUNTA PENTAGONAL Enc." 10x 55 mm',	'BUENA'	),
(	4973	,	'BREMEN'	,	'MANUAL'	,'BOC PUNTA PENTAGONAL Enc." 10x110 mm',	'BUENA'	),
(	6142	,	'BREMEN'	,	'MANUAL'	,'BOC.PUNTA CUADRADA Enc. 6x100 mm BREMENO',	'BUENA'	),
(	6143	,	'BREMEN'	,	'MANUAL'	,'BOC.PUNTA CUADRADA Enc. 8x100 mm BREMENO',	'BUENA'	),
(	6144	,	'BREMEN'	,	'MANUAL'	,'BOC.PUNTA CUADRADA Enc." 10x100 mm BREMENO',	'BUENA'	),
(	5902	,	'BREMEN'	,	'MANUAL'	,'MOVIMIENTO UNIVERSAL para IMPACTO Enc. 1/2" (CrMo)',	'BUENA'	),
(	5903	,	'BREMEN'	,	'MANUAL'	,'MOVIMIENTO UNIVERSAL para IMPACTO Enc. 3/4" (CrMo)',	'BUENA'	),
(	3540	,	'BREMEN'	,	'MANUAL'	,'MANIJA DE FUERZA Enc 1/2" x 38cm Crva BREMENO',	'BUENA'	),
(	3045	,	'BREMEN'	,	'MANUAL'	,'TORQ ZAFE PROF 210 Nm Enc. 1/2" BREMENO',	'BUENA'	),
(	3180	,	'BREMEN'	,	'MANUAL'	,'SDS PLUS CINCEL EN PUNTA 814 (250mm)',	'BUENA'	),
(	3179	,	'BREMEN'	,	'MANUAL'	,'SDS PLUS CINCEL PLANO 14mm (250x20mm)',	'BUENA'	),
(	6772	,	'BREMEN'	,	'MANUAL'	,'SDS PLUS CINCEL PLANO 14 (250mmx40mm)',	'BUENA'	),
(	7223	,	'BREMEN'	,	'MANUAL'	,'CUCHARA DE ALBANIL BREMENO 7" R',	'BUENA'	),
(	7225	,	'BREMEN'	,	'MANUAL'	,'CUCHARA DE ALBANIL BREMEN 8" R',	'BUENA'	),
(	7251	,	'BREMEN'	,	'MANUAL'	,'DW-ESPATULA FLEXIBLE 4 (101mm) [Ac Inox] BREMENR"',	'BUENA'	),
(	7253	,	'BREMEN'	,	'MANUAL'	,'DW-ESPATULA FLEXIBLE 6" (152mm) [Ac Inox] BREMENO',	'BUENA'	),
(	7250	,	'BREMEN'	,	'MANUAL'	,'DW-ESPATULA para UNION 6" c/PHILLIP #2 [Ac Inox] BREMEN"',	'BUENA'	),
(	7246	,	'BREMEN'	,	'MANUAL'	,'DW-ESPATULA TAPIZADORA 10" [Ac Inox] BREMENR',	'BUENA'	),
(	7248	,	'BREMEN'	,	'MANUAL'	,'DW-ESPATULA ESQUINERA EXTERNA [Ac Inox] BREMEN®',	'BUENA'	),
(	7249	,	'BREMEN'	,	'MANUAL'	,'DW-ESPATULA ESQUINERA INTERNA [Ac Inox] BREMEN®',	'BUENA'	),
(	6823	,	'BREMEN'	,	'MANUAL'	,'ESCUADRA ALUMINIO 10" PROFESIONAL BREMEND',	'BUENA'	),
(	6825	,	'BREMEN'	,	'MANUAL'	,'ESCUADRA ALUMINIO 14" PROFESIONAL BREMENO',	'BUENA'	),
(	7258	,	'BREMEN'	,	'MANUAL'	,'DW-PLATO para MASILLA con ESPONJA ANTI CALLOS 13 x 13 [Aluminio] BREMEN®',	'BUENA'	),
(	7028	,	'BREMEN'	,	'MANUAL'	,'MEDIDOR LASER BREMEN (40m)',	'BUENA'	),
(	7723	,	'BREMEN'	,	'MANUAL'	,'NIVEL LASER de LINEA LUZ VERDE [2 Lineas] BREMENE',	'BUENA'	),
(	7547	,	'BREMEN'	,	'MANUAL'	,'TRIPODE PROFESIONAL [1.7m] / Bolso de traslado BREMENR',	'BUENA'	),
(	3378	,	'BREMEN'	,	'MANUAL'	,'DW SERRUCHO para Durfero BREMEN® (Doble Filo)',	'BUENA'	),
(	3377	,	'BREMEN'	,	'MANUAL'	,'SERRUCHO COSTILLA BREMEN 12" (Doble Filo)',	'BUENA'	),
(	3382	,	'BREMEN'	,	'MANUAL'	,'SERRUCHO CARPINTERO BREMEN 22" (Doble Filo)',	'BUENA'	),
(	6230	,	'BREMEN'	,	'MANUAL'	,'DESTORNILLADOR Mango GOMA en JUEGO (6 Pzs) (PH+ PL) BREMENR',	'BUENA'	),
(	4197	,	'BREMEN'	,	'MANUAL'	,'DESTORNILLADOR Electricista PL (-) 2.5 (02 5x75mm) (1.000 Volts)',	'BUENA'	),
(	4198	,	'BREMEN'	,	'MANUAL'	,'DESTORNILLADOR Electricista PL (-) 4.0 (84.0x100mm) (1.000 Volts)',	'BUENA'	),
(	4200	,	'BREMEN'	,	'MANUAL'	,'DESTORNILLADOR Electricista PL (-) 6.5 (6.5x150mm) (1.000 Volts)',	'BUENA'	),
(	4201	,	'BREMEN'	,	'MANUAL'	,'DESTORNILLADOR Electricista PH (+) #0 (3.0x80mm) (1.000 Volts)',	'BUENA'	),
(	7173	,	'BREMEN'	,	'MANUAL'	,'DESTORNILLADOR Electricista PH (+) #3 (8.0x150mm) (1.000V) BREMENR',	'BUENA'	),
(	6764	,	'BREMEN'	,	'MANUAL'	,'DESTORNILLADOR BUSCAPOLO PLANO (1.000 Volts) BREMEN [12 unid]',	'BUENA'	),
(	5396	,	'BREMEN'	,	'MANUAL'	,'JGO PUNTAS Torx/Ribe/Multi-Estria x 41 Pzs BREMEND',	'BUENA'	),
(	5238	,	'BREMEN'	,	'MANUAL'	,'SUJETADOR p/puntas Atomillador x 75mm MAGNETICO BREMENR',	'BUENA'	),
(	7236	,	'BREMEN'	,	'MANUAL'	,'PUNTA ATORN. PH #2 (L50mm) [50 unid]',	'BUENA'	),
(	5446	,	'BREMEN'	,	'MANUAL'	,'JGO.PUNTAS RIBE x 16 Pzs BREMEN (Acero S2)',	'BUENA'	),
(	5448	,	'BREMEN'	,	'MANUAL'	,'JGO.PUNTAS TORX x 16 Pzs BREMEN® (Acero S2)',	'BUENA'	),
(	5449	,	'BREMEN'	,	'MANUAL'	,'JGO.PUNTAS HEXAGONALES x 16 Pzs BREMEN (Acero S2)',	'BUENA'	),
(	7342	,	'BREMEN'	,	'MANUAL'	,'LLAVES ALLEN x 10 Pzs [MM] Cr-V BREMENO',	'BUENA'	),
(	7343	,	'BREMEN'	,	'MANUAL'	,'LLAVES ALLEN x 10 Pzs [SAE] Cr-V BREMENR',	'BUENA'	),
(	6907	,	'BREMEN'	,	'MANUAL'	,'TORX: LLAVES EN "L" EXTRA LARGAS X 10 Pz (TB/T50)',	'BUENA'	),
(	3970	,	'BREMEN'	,	'MANUAL'	,'LLAVES ALLEN x 9 Pzs (MM) Larga/Cardanica BREMEN',	'BUENA'	),
(	3971	,	'BREMEN'	,	'MANUAL'	,'LLAVES ALLEN x 9 Pzs (SAE) Larga/Cardánica BREMENR',	'BUENA'	),
(	6636	,	'BREMEN'	,	'MANUAL'	,'LLAVE "T HEXAGONAL [L315mm] BREMEN® 8mm (Cr Va)',	'BUENA'	),
(	6637	,	'BREMEN'	,	'MANUAL'	,'LLAVE "THEXAGONAL [L315mm] BREMEN® 7mm (Cr Va)',	'BUENA'	),
(	6838	,	'BREMEN'	,	'MANUAL'	,'LLAVE "T HEXAGONAL [315mm] BREMEN 8mm (Cr Va)',	'BUENA'	),
(	6640	,	'BREMEN'	,	'MANUAL'	,'LLAVE "T HEXAGONAL [L315mm) BREMEN® 10mm (Cr Va)',	'BUENA'	),
(	6641	,	'BREMEN'	,	'MANUAL'	,'LLAVE "T" HEXAGONAL [L315mm] BREMEN® 11mm (Cr Va)',	'BUENA'	),
(	6642	,	'BREMEN'	,	'MANUAL'	,'LLAVE "T" HEXAGONAL [L315mm] BREMEN® 12mm (Cr Va)',	'BUENA'	),
(	8643	,	'BREMEN'	,	'MANUAL'	,'LLAVE "T" HEXAGONAL [L315mm) BREMEN® 13mm (Cr Va)',	'BUENA'	),
(	6644	,	'BREMEN'	,	'MANUAL'	,'LLAVE "T" HEXAGONAL [L315mm] BREMEN® 14mm (Cr Va)',	'BUENA'	),
(	6645	,	'BREMEN'	,	'MANUAL'	,'LLAVE "T" HEXAGONAL [L315mm] BREMEN® 15mm (Cr Va)',	'BUENA'	),
(	6646	,	'BREMEN'	,	'MANUAL'	,'LLAVET HEXAGONAL [L315mm) BREMEN® 17mm (Cr Va)',	'BUENA'	),
(	6647	,	'BREMEN'	,	'MANUAL'	,'LLAVET HEXAGONAL [L315mm] BREMEN® 19mm (Cr Va)',	'BUENA'	),
(	6631	,	'BREMEN'	,	'MANUAL'	,'LLAVE AJUSTABLE FOSFATIZADA 6" BREMEN (Crva)',	'BUENA'	),
(	6792	,	'BREMEN'	,	'MANUAL'	,'LLAVE PARA CAÑO tipo SUECA 3/4" BREMENO',	'BUENA'	),
(	6677	,	'BREMEN'	,	'MANUAL'	,'LLAVE PARA CAÑO tipo SUECA 1" BREMENO',	'BUENA'	),
(	6678	,	'BREMEN'	,	'MANUAL'	,'LLAVE PARA CAÑO tipo SUECA 1-1/2" BREMEN®',	'BUENA'	),
(	6679	,	'BREMEN'	,	'MANUAL'	,'LLAVE PARA CAÑO tipo SUECA 2-1/2" BREMENO',	'BUENA'	),
(	7505	,	'BREMEN'	,	'MANUAL'	,'LLAVE PARA CAÑOS DE ALUMINIO 18" BREMEN Tipo petrolera',	'BUENA'	),
(	7607	,	'BREMEN'	,	'MANUAL'	,'LLAVE PARA CAÑOS DE ALUMINIO 36" BREMEN Tipo petrolera',	'BUENA'	),
(	3030	,	'BREMEN'	,	'MANUAL'	,'NEUM.AMOLADORA RECTA 1/4" en Kit x 15 Pzs BREMEN®',	'BUENA'	),
(	7264	,	'BREMEN'	,	'MANUAL'	,'CLAVADORA NEUMÁTICA [15-50mm] BREMEN®',	'BUENA'	),
(	7268	,	'BREMEN'	,	'MANUAL'	,'CLAVOS 15mm (Calibre 1.25 x 1.00mm) (Caja 5.000 uni) BREMEN®',	'BUENA'	),
(	7269	,	'BREMEN'	,	'MANUAL'	,'CLAVOS 30mm [Calibre 1.25 x 1.00mm] (Caja 5.000 uni) BREMENO',	'BUENA'	),
(	7270	,	'BREMEN'	,	'MANUAL'	,'CLAVOS 35mm [Calibre 1.25 x 1.00mm) (Caja 5.000 uni) BREMENO',	'BUENA'	),
(	7271	,	'BREMEN'	,	'MANUAL'	,'CLAVOS 40mm [Calibre 1.25 x 1.00mm) (Caja 5.000 uni) BREMENR',	'BUENA'	),
(	7272	,	'BREMEN'	,	'MANUAL'	,'CLAVOS 45mm (Calibre 1.25 x 1.00mm) (Caja 5.000 uni) BREMEN',	'BUENA'	),
(	7273	,	'BREMEN'	,	'MANUAL'	,'CLAVOS 50mm [Calibre 1.25 x 1.00mm) (Caja 5.000 uni) BREMENO',	'BUENA'	),
(	7265	,	'BREMEN'	,	'MANUAL'	,'ENGRAMPADORA NEUMÁTICA [6-16mm] BREMEN®',	'BUENA'	),
(	7274	,	'BREMEN'	,	'MANUAL'	,'GRAMPAS 8mm [Corona 12,80mm) (Caja 10.000 uni) BREMENO',	'BUENA'	),
(	7275	,	'BREMEN'	,	'MANUAL'	,'GRAMPAS 10mm [Corona 12.80mm] (Caja 10.000 uni) BREMENR',	'BUENA'	),
(	7276	,	'BREMEN'	,	'MANUAL'	,'GRAMPAS 12mm [Corona 12.80mm] (Caja 10.000 uni) BREMEN®',	'BUENA'	),
(	7277	,	'BREMEN'	,	'MANUAL'	,'GRAMPAS 14mm (Corona 12.80mm) (Caja 10.000 uni) BREMENR',	'BUENA'	),
(	7278	,	'BREMEN'	,	'MANUAL'	,'GRAMPAS 16mm [Corona 12.80mm] (Caja 10.000 uni) BREMENR',	'BUENA'	),
(	7518	,	'BREMEN'	,	'MANUAL'	,'Lijadora Roto Orbital Neumática 5" BREMENR',	'BUENA'	),
(	7714	,	'BREMEN'	,	'MANUAL'	,'NEUM. KIT LLAVE DE IMPACTO 1/2" 1580 Nm- COMPOSITE KIT x 11Pzs BREMENO',	'BUENA'	),
(	3032	,	'BREMEN'	,	'MANUAL'	,'NEUM.LLAVE CRIQUE 1/2" Kit x 17Pzs. BREMENO',	'BUENA'	),
(	6673	,	'BREMEN'	,	'MANUAL'	,'KIT para COMPRESOR x 20Pzs (Accesorios) BREMENO',	'BUENA'	),
(	6793	,	'BREMEN'	,	'MANUAL'	,'INFLADOR de NEUMATICOS con MANOMETRO (Aluminio y Bronce) BREMEN®',	'BUENA'	),
(	2566	,	'BREMEN'	,	'MANUAL'	,'BANDEJA IMANTADA AC INOX. 150mm BREMENO',	'BUENA'	),
(	6462	,	'BREMEN'	,	'MANUAL'	,'SONDAS x 20 Pzs. BREMEN [0.05 a 1.00] (MM) GRABADAS',	'BUENA'	),
(	6463	,	'BREMEN'	,	'MANUAL'	,'SONDAS x 20 Pzs. BREMENO 0.002 a 0.040 (SAE) GRABADAS',	'BUENA'	),
(	7037	,	'BREMEN'	,	'MANUAL'	,'SONDAS x 23 Pzs. BREMEN [0.02 a 1.00] (MM) GRABADAS',	'BUENA'	),
(	6244	,	'BREMEN'	,	'MANUAL'	,'AUT EXTRACTOR de RODAMIENTOS en JUEGO x 9 Pzs',	'BUENA'	),
(	6431	,	'BREMEN'	,	'MANUAL'	,'AUT EXTRACTOR de CALIPER de FRENO en JUEGO x 18 Pzs BREMENO',	'BUENA'	),
(	5904	,	'BREMEN'	,	'MANUAL'	,'BOC.JGO Enc. 1/2" x 13 Pzs para ALTERNADOR BREMENO',	'BUENA'	),
(	6727	,	'BREMEN'	,	'MANUAL'	,'AUT.EXTRACTOR DE TAPONES DE CARTER x 18Pzs BREMENO',	'BUENA'	),
(	6726	,	'BREMEN'	,	'MANUAL'	,'AUT.EXTRACTOR DE ROTULA UNIVERSAL (tipo SAPO) BREMENO',	'BUENA'	),
(	6725	,	'BREMEN'	,	'MANUAL'	,'AUT.EXTRACTOR DE SONDA LAMBDA, BULBO e INYECTORES en KIT x 7Pzs BREMENO',	'BUENA'	),
(	8350	,	'BREMEN'	,	'MANUAL'	,'AUT PRENSA para RESORTES de VALVULAS en KIT (UNIVERSAL) BREMENR',	'BUENA'	),
(	6675	,	'BREMEN'	,	'MANUAL'	,'CORTA CADENA de MOTO x 13Pzs BREMENO',	'BUENA'	),
(	6674	,	'BREMEN'	,	'MANUAL'	,'CORTA CADENA de MOTO BREMENR',	'BUENA'	),
(	3969	,	'BREMEN'	,	'MANUAL'	,'CUCHILLA METALICA RETRACTIL BREMEN® BLIST',	'BUENA'	),
(	2615	,	'BREMEN'	,	'MANUAL'	,'HOJA PARTIBLE para CUCHILLA [10 unid]',	'BUENA'	),
(	7109	,	'BREMEN'	,	'MANUAL'	,'REGLA de ACERO INOX 30cm x 0.8mm [con estuche] BREMEN',	'BUENA'	),
(	7399	,	'BREMEN'	,	'MANUAL'	,'REGLA de ACERO INOX 60cm x 1.0mm [con estuche] BREMENO',	'BUENA'	),
(	7400	,	'BREMEN'	,	'MANUAL'	,'REGLA de ACERO INOX 1 metro x 1.2mm [con estuche] BREMENO',	'BUENA'	),
(	4599	,	'BREMEN'	,	'MANUAL'	,'LIMA "BREMEN REDONDA BASTARDA 10" c/cabo y Blister',	'BUENA'	),
(	4600	,	'BREMEN'	,	'MANUAL'	,'LIMA "BREMENG REDONDA BASTARDA 12" c/cabo y Blister',	'BUENA'	),
(	4591	,	'BREMEN'	,	'MANUAL'	,'LIMA "BREMENO PLANA BASTARDA 10" c/cabo y Blister',	'BUENA'	),
(	4592	,	'BREMEN'	,	'MANUAL'	,'LIMA "BREMENO PLANA BASTARDA 12" c/cabo y Blister',	'BUENA'	),
(	7194	,	'BREMEN'	,	'MANUAL'	,'ESCOFINA BREMEN® MEDIA CAÑA 10" (con cabo)',	'BUENA'	),
(	7195	,	'BREMEN'	,	'MANUAL'	,'ESCOFINA BREMEN MEDIA CAÑA 12" (con cabo)',	'BUENA'	),
(	4169	,	'BREMEN'	,	'MANUAL'	,'FORMON Cr-V 6mm BREMEN',	'BUENA'	),
(	4170	,	'BREMEN'	,	'MANUAL'	,'FORMON Cr-V 10mm BREMENR',	'BUENA'	),
(	4171	,	'BREMEN'	,	'MANUAL'	,'FORMON Cr-V 13mm BREMENS',	'BUENA'	),
(	4172	,	'BREMEN'	,	'MANUAL'	,'FORMON Cr-V 16mm BREMENS',	'BUENA'	),
(	4173	,	'BREMEN'	,	'MANUAL'	,'FORMON Cr-V 19mm BREMENO',	'BUENA'	),
(	4174	,	'BREMEN'	,	'MANUAL'	,'FORMON Cr-V 22mm BREMENO',	'BUENA'	),
(	4175	,	'BREMEN'	,	'MANUAL'	,'FORMON Cr-V 25mm BREMENR',	'BUENA'	),
(	4177	,	'BREMEN'	,	'MANUAL'	,'FORMON Cr-V 32mm BREMENO',	'BUENA'	),
(	4191	,	'BREMEN'	,	'MANUAL'	,'MARTILLO CARPINTERO (Mango Fibra+TPR) 22mm BREMEN®',	'BUENA'	),
(	4192	,	'BREMEN'	,	'MANUAL'	,'MARTILLO CARPINTERO (Mango Fibra+TPR) 25mm BREMEN®',	'BUENA'	),
(	5190	,	'BREMEN'	,	'MANUAL'	,'MARTILLO PLASTICO de 40mm Mango de Fibra BREMENO',	'BUENA'	),
(	7110	,	'BREMEN'	,	'MANUAL'	,'MARTILLO DE GOMA (Mango Fibra+TPR) 450gr BREMEN®',	'BUENA'	),
(	7677	,	'BREMEN'	,	'MANUAL'	,'MASCARA FOTOSENSIBLE BREMEN® [Bateria removible]',	'BUENA'	),
(	6662	,	'BREMEN'	,	'MANUAL'	,'SOPORTE MAGNETICO (FLECHA) para SOLDAR 3" (11kg/25lb)',	'BUENA'	),
(	6664	,	'BREMEN'	,	'MANUAL'	,'SOPORTE MAGNETICO (FLECHA) para SOLDAR 5" (34kg/75lb)',	'BUENA'	),
(	7678	,	'BREMEN'	,	'MANUAL'	,'NIVEL TORPEDO PROFESIONAL 9" [Base aluminio climán] BREMENR',	'BUENA'	),
(	7164	,	'BREMEN'	,	'MANUAL'	,'NIVEL ALUMINIO PROFESIONAL 3 GOTAS 400mm BREMENO',	'BUENA'	),
(	7708	,	'BREMEN'	,	'MANUAL'	,'NIVEL ALUMINIO PROFESIONAL 3 GOTAS 1000mm BREMENR',	'BUENA'	),
(	7386	,	'BREMEN'	,	'MANUAL'	,'PISTOLA APLICADORA PROFESIONAL BREMEN® [600ml)',	'BUENA'	),
(	7665	,	'BREMEN'	,	'MANUAL'	,'PRENSA ANGULOS BREMENR',	'BUENA'	),
(	5438	,	'BREMEN'	,	'MANUAL'	,'PRENSA para CARPINTERO 120x 600mm BREMENR',	'BUENA'	),
(	5440	,	'BREMEN'	,	'MANUAL'	,'PRENSA para CARPINTERO 120x 900mm BREMENO',	'BUENA'	),
(	5569	,	'BREMEN'	,	'MANUAL'	,'PRENSA para CARPINTERO 120x 1200mm BREMENO',	'BUENA'	),
(	3973	,	'BREMEN'	,	'MANUAL'	,'REMACHADORA PROFESIONAL BREMENO C/REMACH',	'BUENA'	),
(	6776	,	'BREMEN'	,	'MANUAL'	,'REMACHADORA DUAL en KIT (POP y TUERCAS) BREMENR',	'BUENA'	),
(	7181	,	'BREMEN'	,	'MANUAL'	,'TERRAJA con CRIQUE 1/2 a 2" para CAÑO GALVANIZADO BREMENR',	'BUENA'	),
(	6796	,	'BREMEN'	,	'MANUAL'	,'TIJERA ART.BREMEN® p/CAÑO de PVC hasta 42mm NEW',	'BUENA'	),
(	7620	,	'BREMEN'	,	'MANUAL'	,'FRESA para ROUTER an JUEGO x 24 Pzs. BREMENO',	'BUENA'	),
(	7458	,	'BREMEN'	,	'MANUAL'	,'MACHOS & COJINETES en JGO Milimétrico [110 Pzs] Caja Metal',	'BUENA'	),
(	6497	,	'BREMEN'	,	'MANUAL'	,'Mecha BREMEN de Acero Rápido [Juego x 19Pzs] (1-10mm)',	'BUENA'	),
(	7524	,	'BREMEN'	,	'MANUAL'	,'Mecha Forstner 15mm BREMENO',	'BUENA'	),
(	7525	,	'BREMEN'	,	'MANUAL'	,'Mecha Forstner 20mm BREMENO',	'BUENA'	),
(	7526	,	'BREMEN'	,	'MANUAL'	,'Mecha Forstner 26mm BREMEN®',	'BUENA'	),
(	7527	,	'BREMEN'	,	'MANUAL'	,'Mecha Forstner 35mm BREMENR',	'BUENA'	),
(	7528	,	'BREMEN'	,	'MANUAL'	,'Mecha Forstner 50mm BREMENO',	'BUENA'	),
(	6672	,	'BREMEN'	,	'MANUAL'	,'SIERRA COPA BI-METALICA SET 16Pzs [19-76mm] CAJA ALUMINIO BREMEN®',	'BUENA'	),
(	2734	,	'BREMEN'	,	'MANUAL'	,'SDS MECHAS PHORMIGON 6*110mm',	'BUENA'	),
(	2736	,	'BREMEN'	,	'MANUAL'	,'SDS MECHAS P/HORMIGON 8*110mm',	'BUENA'	),
(	2741	,	'BREMEN'	,	'MANUAL'	,'SDS MECHAS P/HORMIGON 10 160mm',	'BUENA'	),
(	2743	,	'BREMEN'	,	'MANUAL'	,'SDS MECHAS P/HORMIGON 10*450mm',	'BUENA'	),
(	2744	,	'BREMEN'	,	'MANUAL'	,'SDS MECHAS P/HORMIGON 12 160mm',	'BUENA'	),
(	2752	,	'BREMEN'	,	'MANUAL'	,'SDS MECHAS P/HORMIGON 18 450mm',	'BUENA'	),
(	2756	,	'BREMEN'	,	'MANUAL'	,'SDS MECHAS P/HORMIGON 25 450mm',	'BUENA'	),
(	7487	,	'BREMEN'	,	'MANUAL'	,'Mecha Escalonada 4-12mm BREMENO',	'BUENA'	),
(	7488	,	'BREMEN'	,	'MANUAL'	,'Mecha Escalonada 4-20mm BREMENO',	'BUENA'	),
(	7489	,	'BREMEN'	,	'MANUAL'	,'Mecha Escalonada 4-32mm BREMENO',	'BUENA'	),
(	6267	,	'BREMEN'	,	'MANUAL'	,'Mecha BREMENO AC. RAPIDO0.50mm [10 unid]',	'BUENA'	),
(	6268	,	'BREMEN'	,	'MANUAL'	,'Mecha BREMENO AC. RAPIDO 0.75mm [10 unid]',	'BUENA'	),
(	6269	,	'BREMEN'	,	'MANUAL'	,'Mecha BREMENO AC. RAPIDO 1.00mm [10 unid]',	'BUENA'	),
(	6270	,	'BREMEN'	,	'MANUAL'	,'Mecha BREMEN® AC. RAPIDO 1.25mm (10 unid]',	'BUENA'	),
(	6271	,	'BREMEN'	,	'MANUAL'	,'Mecha BREMEN® AC. RAPIDO 1.50mm [10 unid]',	'BUENA'	),
(	6272	,	'BREMEN'	,	'MANUAL'	,'Mecha BREMEN® AC. RAPIDO 1.75mm [10 unid]',	'BUENA'	),
(	6273	,	'BREMEN'	,	'MANUAL'	,'Mecha BREMEN® AC. RAPIDO 2.00mm [10 unid]',	'BUENA'	),
(	6274	,	'BREMEN'	,	'MANUAL'	,'Mecha BREMENO AC. RAPIDO 2.25mm [10 unid]',	'BUENA'	),
(	6275	,	'BREMEN'	,	'MANUAL'	,'Mecha BREMEN® AC. RAPIDO 2.50mm [10 unid]',	'BUENA'	),
(	6276	,	'BREMEN'	,	'MANUAL'	,'Mecha BREMENO AC. RAPIDO 2.75mm [10 unid]',	'BUENA'	),
(	6277	,	'BREMEN'	,	'MANUAL'	,'Mecha BREMENO AC. RAPIDO 3.00mm [10 unid]',	'BUENA'	),
(	6278	,	'BREMEN'	,	'MANUAL'	,'Mecha BREMENO AC. RAPIDO 3.25mm [10 unid]',	'BUENA'	),
(	6279	,	'BREMEN'	,	'MANUAL'	,'Mecha BREMENO AC. RAPIDO 3.50mm [10 unid]',	'BUENA'	),
(	6280	,	'BREMEN'	,	'MANUAL'	,'Mecha BREMENO AC. RAPIDO 3.75mm (10 unid]',	'BUENA'	),
(	6281	,	'BREMEN'	,	'MANUAL'	,'Mecha BREMEND AC RAPIDO 4.00mm [10 unid]',	'BUENA'	),
(	6282	,	'BREMEN'	,	'MANUAL'	,'Mecha BREMENO AC RAPIDO 4.25mm (10 unid)',	'BUENA'	),
(	6283	,	'BREMEN'	,	'MANUAL'	,'Mecha BREMENO AC. RAPIDO 4.50mm [10 unid]',	'BUENA'	),
(	6284	,	'BREMEN'	,	'MANUAL'	,'Mecha BREMEN® AC. RAPIDO 4.75mm 10 unid]',	'BUENA'	),
(	6285	,	'BREMEN'	,	'MANUAL'	,'Mecha BREMENO AC. RAPIDO 5.00mm 10 unid]',	'BUENA'	),
(	6286	,	'BREMEN'	,	'MANUAL'	,'Mecha BREMENO AC. RAPIDO 5.25mm [10 unid]',	'BUENA'	),
(	6287	,	'BREMEN'	,	'MANUAL'	,'Mecha BREMENO AC. RAPIDO 5.50mm [10 unid]',	'BUENA'	),
(	6288	,	'BREMEN'	,	'MANUAL'	,'Mecha BREMEN® AC. RAPIDO 5.75mm [10 unid]',	'BUENA'	),
(	6289	,	'BREMEN'	,	'MANUAL'	,'Mecha BREMEN® AC. RAPIDO 6.00mm [10 unid]',	'BUENA'	),
(	6290	,	'BREMEN'	,	'MANUAL'	,'Mecha BREMENO AC. RAPIDO 6.25mm [10 unid]',	'BUENA'	),
(	6291	,	'BREMEN'	,	'MANUAL'	,'Mecha BREMENO AC. RAPIDO 6.50mm [10 unid]',	'BUENA'	),
(	6292	,	'BREMEN'	,	'MANUAL'	,'Mecha BREMEN® AC. RAPIDO 6.75mm [10 unid]',	'BUENA'	),
(	6293	,	'BREMEN'	,	'MANUAL'	,'Mecha BREMENO AC. RAPIDO 7.00mm [10 unid]',	'BUENA'	),
(	6294	,	'BREMEN'	,	'MANUAL'	,'Mecha BREMENO AC. RAPIDO 7.25mm [10 unid]',	'BUENA'	),
(	6295	,	'BREMEN'	,	'MANUAL'	,'Mecha BREMEN® AC. RAPIDO 7,50mm [10 unid]',	'BUENA'	),
(	6296	,	'BREMEN'	,	'MANUAL'	,'Mecha BREMENO AC. RAPIDO 7.75mm [10 unid]',	'BUENA'	),
(	6297	,	'BREMEN'	,	'MANUAL'	,'Mecha BREMENS AC. RAPIDO 8.00mm [10 unid]',	'BUENA'	),
(	6298	,	'BREMEN'	,	'MANUAL'	,'Mecha BREMEN AC. RAPIDO 8.25mm [10 unid]',	'BUENA'	),
(	6299	,	'BREMEN'	,	'MANUAL'	,'Mecha BREMENO AC. RAPIDO 8.50mm [10 unid]',	'BUENA'	),
(	6300	,	'BREMEN'	,	'MANUAL'	,'Mecha BREMEN AC. RAPIDO 8.75mm [10 unid]',	'BUENA'	),
(	6301	,	'BREMEN'	,	'MANUAL'	,'Mecha BREMENS AC. RAPIDO 9.00mm [10 unid]',	'BUENA'	),
(	6302	,	'BREMEN'	,	'MANUAL'	,'Mecha BREMENO AC. RAPIDO 9.25mm [10 unid]',	'BUENA'	),
(	6303	,	'BREMEN'	,	'MANUAL'	,'Mecha BREMENO AC RAPIDO 9.50mm 10 unid]',	'BUENA'	),
(	6304	,	'BREMEN'	,	'MANUAL'	,'Mecha BREMENO AC. RAPIDO 9.75mm [10 unid]',	'BUENA'	),
(	6338	,	'BREMEN'	,	'MANUAL'	,'ALIC.C.OBLICUO BREMEN PROFESIONAL 6"',	'BUENA'	),
(	3953	,	'BREMEN'	,	'MANUAL'	,'ALIC.C OBLICUO BREMENO INDUSTRIAL 7"',	'BUENA'	),
(	6341	,	'BREMEN'	,	'MANUAL'	,'PINZA MEDIA CAÑA BREMEN PROFESIONAL 8"',	'BUENA'	),
(	3956	,	'BREMEN'	,	'MANUAL'	,'PINZA MEDIA CAÑA BREMEN INDUSTRIAL 6"',	'BUENA'	),
(	6344	,	'BREMEN'	,	'MANUAL'	,'PINZA PUNTA CHATA [Aislación Azul/Roja] BREMEN 6"(CrVa)',	'BUENA'	),
(	4205	,	'BREMEN'	,	'MANUAL'	,'PINZA PUNTA CHATA BREMENO INDUSTRIAL 6"',	'BUENA'	),
(	6347	,	'BREMEN'	,	'MANUAL'	,'PINZA UNIVERSAL BREMENO PROFESIONAL 8"',	'BUENA'	),
(	3960	,	'BREMEN'	,	'MANUAL'	,'PINZA UNIVERSAL BREMENO INDUSTRIAL 8"',	'BUENA'	),
(	5160	,	'BREMEN'	,	'MANUAL'	,'PICO DE LORO BREMEN 8" Mango Antidelizante y Blister',	'BUENA'	),
(	3958	,	'BREMEN'	,	'MANUAL'	,'PICO DE LORO BREMENO 10" Doble Cremallera y Aislacion',	'BUENA'	),
(	5319	,	'BREMEN'	,	'MANUAL'	,'PINZA SACAFILTRO DE ACEITE 60-90 MM BREMENR',	'BUENA'	),
(	5320	,	'BREMEN'	,	'MANUAL'	,'PINZA SACAFILTRO DE ACEITE 85-115 MM BREMENR',	'BUENA'	),
(	3972	,	'BREMEN'	,	'MANUAL'	,'PELACABLE AUTOMATICO FRONTAL 8" BREMEN®',	'BUENA'	),
(	6543	,	'BREMEN'	,	'MANUAL'	,'CRIMPEADORA para TERMINALES BREMEN® (RJ11-RJ12-RJ45)',	'BUENA'	),
(	4063	,	'BREMEN'	,	'MANUAL'	,'TENAZA CARPINTERO BREMEN 8" c/Aislación',	'BUENA'	),
(	7051	,	'BREMEN'	,	'MANUAL'	,'TENAZA ARMADOR 9 MEDIO CORTE BREMEN',	'BUENA'	),
(	4652	,	'BREMEN'	,	'MANUAL'	,'PINZA SEEGER LARGA = 270mm x 2 Pz. BREMEN®',	'BUENA'	),
(	4691	,	'BREMEN'	,	'MANUAL'	,'PINZA SEEGER EXTRA LARGA = 400mm x 2 Pz. BREMEN®',	'BUENA'	),
(	6728	,	'BREMEN'	,	'MANUAL'	,'BOC.JGO Enc 1/4" x 53 Pzs (Cortos + Largos + Puntas + Accesorios) BREMENR',	'BUENA'	),
(	6660	,	'BREMEN'	,	'MANUAL'	,'BOC.JGO Enc 1/2" x 22 Pzs con Accesorios (MM) BREMENO',	'BUENA'	),
(	5909	,	'BREMEN'	,	'MANUAL'	,'BOC JGO Enc.3/4" x 21 Pzs con Accesorios (MM) BREMENR',	'BUENA'	),
(	6729	,	'BREMEN'	,	'MANUAL'	,'BOC JGO Enc. 1/2" x 13 Pzs (LARGAS] (10-27mm) CAJA METÁLICA BREMENR',	'BUENA'	),
(	6157	,	'BREMEN'	,	'MANUAL'	,'LLAVE SAÇA BUJIA [Magnética Articulada] 16mm Cr-V BREMENO',	'BUENA'	),
(	6158	,	'BREMEN'	,	'MANUAL'	,'LLAVE SACA BUJIA [Magnética Articuladal 21mm Cr-V BREMENR',	'BUENA'	),
(	2906	,	'BREMEN'	,	'MANUAL'	,'TORX JGO.TUBOS x 9 Pzs (Enc. 1/2") (E8-E24) BREMENR',	'BUENA'	),
(	5779	,	'BREMEN'	,	'MANUAL'	,'TORX: JGO Bocallaves c/PtaTorx x 9Pzs (L100mm) (Ac-S2) BREMEN',	'BUENA'	),
(	4972	,	'BREMEN'	,	'MANUAL'	,'BOC.PUNTA PENTAGONAL Enc." 10x 55 mm',	'BUENA'	),
(	4973	,	'BREMEN'	,	'MANUAL'	,'BOC PUNTA PENTAGONAL Enc." 10x110 mm',	'BUENA'	),
(	6142	,	'BREMEN'	,	'MANUAL'	,'BOC.PUNTA CUADRADA Enc. 6x100 mm BREMENO',	'BUENA'	),
(	6143	,	'BREMEN'	,	'MANUAL'	,'BOC.PUNTA CUADRADA Enc. 8x100 mm BREMENO',	'BUENA'	),
(	6144	,	'BREMEN'	,	'MANUAL'	,'BOC.PUNTA CUADRADA Enc." 10x100 mm BREMENO',	'BUENA'	),
(	5902	,	'BREMEN'	,	'MANUAL'	,'MOVIMIENTO UNIVERSAL para IMPACTO Enc. 1/2" (CrMo)',	'BUENA'	),
(	5903	,	'BREMEN'	,	'MANUAL'	,'MOVIMIENTO UNIVERSAL para IMPACTO Enc. 3/4" (CrMo)',	'BUENA'	),
(	3540	,	'BREMEN'	,	'MANUAL'	,'MANIJA DE FUERZA Enc 1/2" x 38cm Crva BREMENO',	'BUENA'	),
(	3045	,	'BREMEN'	,	'MANUAL'	,'TORQ ZAFE PROF 210 Nm Enc. 1/2" BREMENO',	'BUENA'	),
(	3180	,	'BREMEN'	,	'MANUAL'	,'SDS PLUS CINCEL EN PUNTA 814 (250mm)',	'BUENA'	),
(	3179	,	'BREMEN'	,	'MANUAL'	,'SDS PLUS CINCEL PLANO 14mm (250x20mm)',	'BUENA'	),
(	6772	,	'BREMEN'	,	'MANUAL'	,'SDS PLUS CINCEL PLANO 14 (250mmx40mm)',	'BUENA'	),
(	7223	,	'BREMEN'	,	'MANUAL'	,'CUCHARA DE ALBANIL BREMENO 7" R',	'BUENA'	),
(	7225	,	'BREMEN'	,	'MANUAL'	,'CUCHARA DE ALBANIL BREMEN 8" R',	'BUENA'	),
(	7251	,	'BREMEN'	,	'MANUAL'	,'DW-ESPATULA FLEXIBLE 4 (101mm) [Ac Inox] BREMENR"',	'BUENA'	),
(	7253	,	'BREMEN'	,	'MANUAL'	,'DW-ESPATULA FLEXIBLE 6" (152mm) [Ac Inox] BREMENO',	'BUENA'	),
(	7250	,	'BREMEN'	,	'MANUAL'	,'DW-ESPATULA para UNION 6" c/PHILLIP #2 [Ac Inox] BREMEN"',	'BUENA'	),
(	7246	,	'BREMEN'	,	'MANUAL'	,'DW-ESPATULA TAPIZADORA 10" [Ac Inox] BREMENR',	'BUENA'	),
(	7248	,	'BREMEN'	,	'MANUAL'	,'DW-ESPATULA ESQUINERA EXTERNA [Ac Inox] BREMEN®',	'BUENA'	),
(	7249	,	'BREMEN'	,	'MANUAL'	,'DW-ESPATULA ESQUINERA INTERNA [Ac Inox] BREMEN®',	'BUENA'	),
(	6823	,	'BREMEN'	,	'MANUAL'	,'ESCUADRA ALUMINIO 10" PROFESIONAL BREMEND',	'BUENA'	),
(	6825	,	'BREMEN'	,	'MANUAL'	,'ESCUADRA ALUMINIO 14" PROFESIONAL BREMENO',	'BUENA'	),
(	7258	,	'BREMEN'	,	'MANUAL'	,'DW-PLATO para MASILLA con ESPONJA ANTI CALLOS 13 x 13 [Aluminio] BREMEN®',	'BUENA'	),
(	7028	,	'BREMEN'	,	'MANUAL'	,'MEDIDOR LASER BREMEN (40m)',	'BUENA'	),
(	7723	,	'BREMEN'	,	'MANUAL'	,'NIVEL LASER de LINEA LUZ VERDE [2 Lineas] BREMENE',	'BUENA'	),
(	7547	,	'BREMEN'	,	'MANUAL'	,'TRIPODE PROFESIONAL [1.7m] / Bolso de traslado BREMENR',	'BUENA'	),
(	3378	,	'BREMEN'	,	'MANUAL'	,'DW SERRUCHO para Durfero BREMEN® (Doble Filo)',	'BUENA'	),
(	3377	,	'BREMEN'	,	'MANUAL'	,'SERRUCHO COSTILLA BREMEN 12" (Doble Filo)',	'BUENA'	),
(	3382	,	'BREMEN'	,	'MANUAL'	,'SERRUCHO CARPINTERO BREMEN 22" (Doble Filo)',	'BUENA'	),
(	6230	,	'BREMEN'	,	'MANUAL'	,'DESTORNILLADOR Mango GOMA en JUEGO (6 Pzs) (PH+ PL) BREMENR',	'BUENA'	),
(	4197	,	'BREMEN'	,	'MANUAL'	,'DESTORNILLADOR Electricista PL (-) 2.5 (02 5x75mm) (1.000 Volts)',	'BUENA'	),
(	4198	,	'BREMEN'	,	'MANUAL'	,'DESTORNILLADOR Electricista PL (-) 4.0 (84.0x100mm) (1.000 Volts)',	'BUENA'	),
(	4200	,	'BREMEN'	,	'MANUAL'	,'DESTORNILLADOR Electricista PL (-) 6.5 (6.5x150mm) (1.000 Volts)',	'BUENA'	),
(	4201	,	'BREMEN'	,	'MANUAL'	,'DESTORNILLADOR Electricista PH (+) #0 (3.0x80mm) (1.000 Volts)',	'BUENA'	),
(	7173	,	'BREMEN'	,	'MANUAL'	,'DESTORNILLADOR Electricista PH (+) #3 (8.0x150mm) (1.000V) BREMENR',	'BUENA'	),
(	6764	,	'BREMEN'	,	'MANUAL'	,'DESTORNILLADOR BUSCAPOLO PLANO (1.000 Volts) BREMEN [12 unid]',	'BUENA'	),
(	5396	,	'BREMEN'	,	'MANUAL'	,'JGO PUNTAS Torx/Ribe/Multi-Estria x 41 Pzs BREMEND',	'BUENA'	),
(	5238	,	'BREMEN'	,	'MANUAL'	,'SUJETADOR p/puntas Atomillador x 75mm MAGNETICO BREMENR',	'BUENA'	),
(	7236	,	'BREMEN'	,	'MANUAL'	,'PUNTA ATORN. PH #2 (L50mm) [50 unid]',	'BUENA'	),
(	5446	,	'BREMEN'	,	'MANUAL'	,'JGO.PUNTAS RIBE x 16 Pzs BREMEN (Acero S2)',	'BUENA'	),
(	5448	,	'BREMEN'	,	'MANUAL'	,'JGO.PUNTAS TORX x 16 Pzs BREMEN® (Acero S2)',	'BUENA'	),
(	5449	,	'BREMEN'	,	'MANUAL'	,'JGO.PUNTAS HEXAGONALES x 16 Pzs BREMEN (Acero S2)',	'BUENA'	),
(	7342	,	'BREMEN'	,	'MANUAL'	,'LLAVES ALLEN x 10 Pzs [MM] Cr-V BREMENO',	'BUENA'	),
(	7343	,	'BREMEN'	,	'MANUAL'	,'LLAVES ALLEN x 10 Pzs [SAE] Cr-V BREMENR',	'BUENA'	),
(	6907	,	'BREMEN'	,	'MANUAL'	,'TORX: LLAVES EN "L" EXTRA LARGAS X 10 Pz (TB/T50)',	'BUENA'	),
(	3970	,	'BREMEN'	,	'MANUAL'	,'LLAVES ALLEN x 9 Pzs (MM) Larga/Cardanica BREMEN',	'BUENA'	),
(	3971	,	'BREMEN'	,	'MANUAL'	,'LLAVES ALLEN x 9 Pzs (SAE) Larga/Cardánica BREMENR',	'BUENA'	),
(	6636	,	'BREMEN'	,	'MANUAL'	,'LLAVE "T HEXAGONAL [L315mm] BREMEN® 8mm (Cr Va)',	'BUENA'	),
(	6637	,	'BREMEN'	,	'MANUAL'	,'LLAVE "THEXAGONAL [L315mm] BREMEN® 7mm (Cr Va)',	'BUENA'	),
(	6838	,	'BREMEN'	,	'MANUAL'	,'LLAVE "T HEXAGONAL [315mm] BREMEN 8mm (Cr Va)',	'BUENA'	),
(	6640	,	'BREMEN'	,	'MANUAL'	,'LLAVE "T HEXAGONAL [L315mm) BREMEN® 10mm (Cr Va)',	'BUENA'	),
(	6641	,	'BREMEN'	,	'MANUAL'	,'LLAVE "T" HEXAGONAL [L315mm] BREMEN® 11mm (Cr Va)',	'BUENA'	),
(	6642	,	'BREMEN'	,	'MANUAL'	,'LLAVE "T" HEXAGONAL [L315mm] BREMEN® 12mm (Cr Va)',	'BUENA'	),
(	8643	,	'BREMEN'	,	'MANUAL'	,'LLAVE "T" HEXAGONAL [L315mm) BREMEN® 13mm (Cr Va)',	'BUENA'	),
(	6644	,	'BREMEN'	,	'MANUAL'	,'LLAVE "T" HEXAGONAL [L315mm] BREMEN® 14mm (Cr Va)',	'BUENA'	),
(	6645	,	'BREMEN'	,	'MANUAL'	,'LLAVE "T" HEXAGONAL [L315mm] BREMEN® 15mm (Cr Va)',	'BUENA'	),
(	6646	,	'BREMEN'	,	'MANUAL'	,'LLAVET HEXAGONAL [L315mm) BREMEN® 17mm (Cr Va)',	'BUENA'	),
(	6647	,	'BREMEN'	,	'MANUAL'	,'LLAVET HEXAGONAL [L315mm] BREMEN® 19mm (Cr Va)',	'BUENA'	),
(	6631	,	'BREMEN'	,	'MANUAL'	,'LLAVE AJUSTABLE FOSFATIZADA 6" BREMEN (Crva)',	'BUENA'	),
(	6792	,	'BREMEN'	,	'MANUAL'	,'LLAVE PARA CAÑO tipo SUECA 3/4" BREMENO',	'BUENA'	),
(	6677	,	'BREMEN'	,	'MANUAL'	,'LLAVE PARA CAÑO tipo SUECA 1" BREMENO',	'BUENA'	),
(	6678	,	'BREMEN'	,	'MANUAL'	,'LLAVE PARA CAÑO tipo SUECA 1-1/2" BREMEN®',	'BUENA'	),
(	6679	,	'BREMEN'	,	'MANUAL'	,'LLAVE PARA CAÑO tipo SUECA 2-1/2" BREMENO',	'BUENA'	),
(	7505	,	'BREMEN'	,	'MANUAL'	,'LLAVE PARA CAÑOS DE ALUMINIO 18" BREMEN Tipo petrolera',	'BUENA'	),
(	7607	,	'BREMEN'	,	'MANUAL'	,'LLAVE PARA CAÑOS DE ALUMINIO 36" BREMEN Tipo petrolera',	'BUENA'	),
(	3030	,	'BREMEN'	,	'MANUAL'	,'NEUM.AMOLADORA RECTA 1/4" en Kit x 15 Pzs BREMEN®',	'BUENA'	),
(	7264	,	'BREMEN'	,	'MANUAL'	,'CLAVADORA NEUMÁTICA [15-50mm] BREMEN®',	'BUENA'	),
(	7268	,	'BREMEN'	,	'MANUAL'	,'CLAVOS 15mm (Calibre 1.25 x 1.00mm) (Caja 5.000 uni) BREMEN®',	'BUENA'	),
(	7269	,	'BREMEN'	,	'MANUAL'	,'CLAVOS 30mm [Calibre 1.25 x 1.00mm] (Caja 5.000 uni) BREMENO',	'BUENA'	),
(	7270	,	'BREMEN'	,	'MANUAL'	,'CLAVOS 35mm [Calibre 1.25 x 1.00mm) (Caja 5.000 uni) BREMENO',	'BUENA'	),
(	7271	,	'BREMEN'	,	'MANUAL'	,'CLAVOS 40mm [Calibre 1.25 x 1.00mm) (Caja 5.000 uni) BREMENR',	'BUENA'	),
(	7272	,	'BREMEN'	,	'MANUAL'	,'CLAVOS 45mm (Calibre 1.25 x 1.00mm) (Caja 5.000 uni) BREMEN',	'BUENA'	),
(	7273	,	'BREMEN'	,	'MANUAL'	,'CLAVOS 50mm [Calibre 1.25 x 1.00mm) (Caja 5.000 uni) BREMENO',	'BUENA'	),
(	7265	,	'BREMEN'	,	'MANUAL'	,'ENGRAMPADORA NEUMÁTICA [6-16mm] BREMEN®',	'BUENA'	),
(	7274	,	'BREMEN'	,	'MANUAL'	,'GRAMPAS 8mm [Corona 12,80mm) (Caja 10.000 uni) BREMENO',	'BUENA'	),
(	7275	,	'BREMEN'	,	'MANUAL'	,'GRAMPAS 10mm [Corona 12.80mm] (Caja 10.000 uni) BREMENR',	'BUENA'	),
(	7276	,	'BREMEN'	,	'MANUAL'	,'GRAMPAS 12mm [Corona 12.80mm] (Caja 10.000 uni) BREMEN®',	'BUENA'	),
(	7277	,	'BREMEN'	,	'MANUAL'	,'GRAMPAS 14mm (Corona 12.80mm) (Caja 10.000 uni) BREMENR',	'BUENA'	),
(	7278	,	'BREMEN'	,	'MANUAL'	,'GRAMPAS 16mm [Corona 12.80mm] (Caja 10.000 uni) BREMENR',	'BUENA'	),
(	7518	,	'BREMEN'	,	'MANUAL'	,'Lijadora Roto Orbital Neumática 5" BREMENR',	'BUENA'	),
(	7714	,	'BREMEN'	,	'MANUAL'	,'NEUM. KIT LLAVE DE IMPACTO 1/2" 1580 Nm- COMPOSITE KIT x 11Pzs BREMENO',	'BUENA'	),
(	3032	,	'BREMEN'	,	'MANUAL'	,'NEUM.LLAVE CRIQUE 1/2" Kit x 17Pzs. BREMENO',	'BUENA'	),
(	6673	,	'BREMEN'	,	'MANUAL'	,'KIT para COMPRESOR x 20Pzs (Accesorios) BREMENO',	'BUENA'	),
(	6793	,	'BREMEN'	,	'MANUAL'	,'INFLADOR de NEUMATICOS con MANOMETRO (Aluminio y Bronce) BREMEN®',	'BUENA'	),
(	2566	,	'BREMEN'	,	'MANUAL'	,'BANDEJA IMANTADA AC INOX. 150mm BREMENO',	'BUENA'	),
(	6462	,	'BREMEN'	,	'MANUAL'	,'SONDAS x 20 Pzs. BREMEN [0.05 a 1.00] (MM) GRABADAS',	'BUENA'	),
(	6463	,	'BREMEN'	,	'MANUAL'	,'SONDAS x 20 Pzs. BREMENO 0.002 a 0.040 (SAE) GRABADAS',	'BUENA'	),
(	7037	,	'BREMEN'	,	'MANUAL'	,'SONDAS x 23 Pzs. BREMEN [0.02 a 1.00] (MM) GRABADAS',	'BUENA'	),
(	6244	,	'BREMEN'	,	'MANUAL'	,'AUT EXTRACTOR de RODAMIENTOS en JUEGO x 9 Pzs',	'BUENA'	),
(	6431	,	'BREMEN'	,	'MANUAL'	,'AUT EXTRACTOR de CALIPER de FRENO en JUEGO x 18 Pzs BREMENO',	'BUENA'	),
(	5904	,	'BREMEN'	,	'MANUAL'	,'BOC.JGO Enc. 1/2" x 13 Pzs para ALTERNADOR BREMENO',	'BUENA'	),
(	6727	,	'BREMEN'	,	'MANUAL'	,'AUT.EXTRACTOR DE TAPONES DE CARTER x 18Pzs BREMENO',	'BUENA'	),
(	6726	,	'BREMEN'	,	'MANUAL'	,'AUT.EXTRACTOR DE ROTULA UNIVERSAL (tipo SAPO) BREMENO',	'BUENA'	),
(	6725	,	'BREMEN'	,	'MANUAL'	,'AUT.EXTRACTOR DE SONDA LAMBDA, BULBO e INYECTORES en KIT x 7Pzs BREMENO',	'BUENA'	),
(	8350	,	'BREMEN'	,	'MANUAL'	,'AUT PRENSA para RESORTES de VALVULAS en KIT (UNIVERSAL) BREMENR',	'BUENA'	),
(	6675	,	'BREMEN'	,	'MANUAL'	,'CORTA CADENA de MOTO x 13Pzs BREMENO',	'BUENA'	),
(	6674	,	'BREMEN'	,	'MANUAL'	,'CORTA CADENA de MOTO BREMENR',	'BUENA'	),
(	3969	,	'BREMEN'	,	'MANUAL'	,'CUCHILLA METALICA RETRACTIL BREMEN® BLIST',	'BUENA'	),
(	2615	,	'BREMEN'	,	'MANUAL'	,'HOJA PARTIBLE para CUCHILLA [10 unid]',	'BUENA'	),
(	7109	,	'BREMEN'	,	'MANUAL'	,'REGLA de ACERO INOX 30cm x 0.8mm [con estuche] BREMEN',	'BUENA'	),
(	7399	,	'BREMEN'	,	'MANUAL'	,'REGLA de ACERO INOX 60cm x 1.0mm [con estuche] BREMENO',	'BUENA'	),
(	7400	,	'BREMEN'	,	'MANUAL'	,'REGLA de ACERO INOX 1 metro x 1.2mm [con estuche] BREMENO',	'BUENA'	),
(	4599	,	'BREMEN'	,	'MANUAL'	,'LIMA "BREMEN REDONDA BASTARDA 10" c/cabo y Blister',	'BUENA'	),
(	4600	,	'BREMEN'	,	'MANUAL'	,'LIMA "BREMENG REDONDA BASTARDA 12" c/cabo y Blister',	'BUENA'	),
(	4591	,	'BREMEN'	,	'MANUAL'	,'LIMA "BREMENO PLANA BASTARDA 10" c/cabo y Blister',	'BUENA'	),
(	4592	,	'BREMEN'	,	'MANUAL'	,'LIMA "BREMENO PLANA BASTARDA 12" c/cabo y Blister',	'BUENA'	),
(	7194	,	'BREMEN'	,	'MANUAL'	,'ESCOFINA BREMEN® MEDIA CAÑA 10" (con cabo)',	'BUENA'	),
(	7195	,	'BREMEN'	,	'MANUAL'	,'ESCOFINA BREMEN MEDIA CAÑA 12" (con cabo)',	'BUENA'	),
(	4169	,	'BREMEN'	,	'MANUAL'	,'FORMON Cr-V 6mm BREMEN',	'BUENA'	),
(	4170	,	'BREMEN'	,	'MANUAL'	,'FORMON Cr-V 10mm BREMENR',	'BUENA'	),
(	4171	,	'BREMEN'	,	'MANUAL'	,'FORMON Cr-V 13mm BREMENS',	'BUENA'	),
(	4172	,	'BREMEN'	,	'MANUAL'	,'FORMON Cr-V 16mm BREMENS',	'BUENA'	),
(	4173	,	'BREMEN'	,	'MANUAL'	,'FORMON Cr-V 19mm BREMENO',	'BUENA'	),
(	4174	,	'BREMEN'	,	'MANUAL'	,'FORMON Cr-V 22mm BREMENO',	'BUENA'	),
(	4175	,	'BREMEN'	,	'MANUAL'	,'FORMON Cr-V 25mm BREMENR',	'BUENA'	),
(	4177	,	'BREMEN'	,	'MANUAL'	,'FORMON Cr-V 32mm BREMENO',	'BUENA'	),
(	4191	,	'BREMEN'	,	'MANUAL'	,'MARTILLO CARPINTERO (Mango Fibra+TPR) 22mm BREMEN®',	'BUENA'	),
(	4192	,	'BREMEN'	,	'MANUAL'	,'MARTILLO CARPINTERO (Mango Fibra+TPR) 25mm BREMEN®',	'BUENA'	),
(	5190	,	'BREMEN'	,	'MANUAL'	,'MARTILLO PLASTICO de 40mm Mango de Fibra BREMENO',	'BUENA'	),
(	7110	,	'BREMEN'	,	'MANUAL'	,'MARTILLO DE GOMA (Mango Fibra+TPR) 450gr BREMEN®',	'BUENA'	),
(	7677	,	'BREMEN'	,	'MANUAL'	,'MASCARA FOTOSENSIBLE BREMEN® [Bateria removible]',	'BUENA'	),
(	6662	,	'BREMEN'	,	'MANUAL'	,'SOPORTE MAGNETICO (FLECHA) para SOLDAR 3" (11kg/25lb)',	'BUENA'	),
(	6664	,	'BREMEN'	,	'MANUAL'	,'SOPORTE MAGNETICO (FLECHA) para SOLDAR 5" (34kg/75lb)',	'BUENA'	),
(	7678	,	'BREMEN'	,	'MANUAL'	,'NIVEL TORPEDO PROFESIONAL 9" [Base aluminio climán] BREMENR',	'BUENA'	),
(	7164	,	'BREMEN'	,	'MANUAL'	,'NIVEL ALUMINIO PROFESIONAL 3 GOTAS 400mm BREMENO',	'BUENA'	),
(	7708	,	'BREMEN'	,	'MANUAL'	,'NIVEL ALUMINIO PROFESIONAL 3 GOTAS 1000mm BREMENR',	'BUENA'	),
(	7386	,	'BREMEN'	,	'MANUAL'	,'PISTOLA APLICADORA PROFESIONAL BREMEN® [600ml)',	'BUENA'	),
(	7665	,	'BREMEN'	,	'MANUAL'	,'PRENSA ANGULOS BREMENR',	'BUENA'	),
(	5438	,	'BREMEN'	,	'MANUAL'	,'PRENSA para CARPINTERO 120x 600mm BREMENR',	'BUENA'	),
(	5440	,	'BREMEN'	,	'MANUAL'	,'PRENSA para CARPINTERO 120x 900mm BREMENO',	'BUENA'	),
(	5569	,	'BREMEN'	,	'MANUAL'	,'PRENSA para CARPINTERO 120x 1200mm BREMENO',	'BUENA'	),
(	3973	,	'BREMEN'	,	'MANUAL'	,'REMACHADORA PROFESIONAL BREMENO C/REMACH',	'BUENA'	),
(	6776	,	'BREMEN'	,	'MANUAL'	,'REMACHADORA DUAL en KIT (POP y TUERCAS) BREMENR',	'BUENA'	),
(	7181	,	'BREMEN'	,	'MANUAL'	,'TERRAJA con CRIQUE 1/2 a 2" para CAÑO GALVANIZADO BREMENR',	'BUENA'	),
(	6796	,	'BREMEN'	,	'MANUAL'	,'TIJERA ART.BREMEN® p/CAÑO de PVC hasta 42mm NEW',	'BUENA'	),
(	7620	,	'BREMEN'	,	'MANUAL'	,'FRESA para ROUTER an JUEGO x 24 Pzs. BREMENO',	'BUENA'	),
(	7458	,	'BREMEN'	,	'MANUAL'	,'MACHOS & COJINETES en JGO Milimétrico [110 Pzs] Caja Metal',	'BUENA'	),
(	6497	,	'BREMEN'	,	'MANUAL'	,'Mecha BREMEN de Acero Rápido [Juego x 19Pzs] (1-10mm)',	'BUENA'	),
(	7524	,	'BREMEN'	,	'MANUAL'	,'Mecha Forstner 15mm BREMENO',	'BUENA'	),
(	7525	,	'BREMEN'	,	'MANUAL'	,'Mecha Forstner 20mm BREMENO',	'BUENA'	),
(	7526	,	'BREMEN'	,	'MANUAL'	,'Mecha Forstner 26mm BREMEN®',	'BUENA'	),
(	7527	,	'BREMEN'	,	'MANUAL'	,'Mecha Forstner 35mm BREMENR',	'BUENA'	),
(	7528	,	'BREMEN'	,	'MANUAL'	,'Mecha Forstner 50mm BREMENO',	'BUENA'	),
(	6672	,	'BREMEN'	,	'MANUAL'	,'SIERRA COPA BI-METALICA SET 16Pzs [19-76mm] CAJA ALUMINIO BREMEN®',	'BUENA'	),
(	2734	,	'BREMEN'	,	'MANUAL'	,'SDS MECHAS PHORMIGON 6*110mm',	'BUENA'	),
(	2736	,	'BREMEN'	,	'MANUAL'	,'SDS MECHAS P/HORMIGON 8*110mm',	'BUENA'	),
(	2741	,	'BREMEN'	,	'MANUAL'	,'SDS MECHAS P/HORMIGON 10 160mm',	'BUENA'	),
(	2743	,	'BREMEN'	,	'MANUAL'	,'SDS MECHAS P/HORMIGON 10*450mm',	'BUENA'	),
(	2744	,	'BREMEN'	,	'MANUAL'	,'SDS MECHAS P/HORMIGON 12 160mm',	'BUENA'	),
(	2752	,	'BREMEN'	,	'MANUAL'	,'SDS MECHAS P/HORMIGON 18 450mm',	'BUENA'	),
(	2756	,	'BREMEN'	,	'MANUAL'	,'SDS MECHAS P/HORMIGON 25 450mm',	'BUENA'	),
(	7487	,	'BREMEN'	,	'MANUAL'	,'Mecha Escalonada 4-12mm BREMENO',	'BUENA'	),
(	7488	,	'BREMEN'	,	'MANUAL'	,'Mecha Escalonada 4-20mm BREMENO',	'BUENA'	),
(	7489	,	'BREMEN'	,	'MANUAL'	,'Mecha Escalonada 4-32mm BREMENO',	'BUENA'	),
(	6267	,	'BREMEN'	,	'MANUAL'	,'Mecha BREMENO AC. RAPIDO0.50mm [10 unid]',	'BUENA'	),
(	6268	,	'BREMEN'	,	'MANUAL'	,'Mecha BREMENO AC. RAPIDO 0.75mm [10 unid]',	'BUENA'	),
(	6269	,	'BREMEN'	,	'MANUAL'	,'Mecha BREMENO AC. RAPIDO 1.00mm [10 unid]',	'BUENA'	),
(	6270	,	'BREMEN'	,	'MANUAL'	,'Mecha BREMEN® AC. RAPIDO 1.25mm (10 unid]',	'BUENA'	),
(	6271	,	'BREMEN'	,	'MANUAL'	,'Mecha BREMEN® AC. RAPIDO 1.50mm [10 unid]',	'BUENA'	),
(	6272	,	'BREMEN'	,	'MANUAL'	,'Mecha BREMEN® AC. RAPIDO 1.75mm [10 unid]',	'BUENA'	),
(	6273	,	'BREMEN'	,	'MANUAL'	,'Mecha BREMEN® AC. RAPIDO 2.00mm [10 unid]',	'BUENA'	),
(	6274	,	'BREMEN'	,	'MANUAL'	,'Mecha BREMENO AC. RAPIDO 2.25mm [10 unid]',	'BUENA'	),
(	6275	,	'BREMEN'	,	'MANUAL'	,'Mecha BREMEN® AC. RAPIDO 2.50mm [10 unid]',	'BUENA'	),
(	6276	,	'BREMEN'	,	'MANUAL'	,'Mecha BREMENO AC. RAPIDO 2.75mm [10 unid]',	'BUENA'	),
(	6277	,	'BREMEN'	,	'MANUAL'	,'Mecha BREMENO AC. RAPIDO 3.00mm [10 unid]',	'BUENA'	),
(	6278	,	'BREMEN'	,	'MANUAL'	,'Mecha BREMENO AC. RAPIDO 3.25mm [10 unid]',	'BUENA'	),
(	6279	,	'BREMEN'	,	'MANUAL'	,'Mecha BREMENO AC. RAPIDO 3.50mm [10 unid]',	'BUENA'	),
(	6280	,	'BREMEN'	,	'MANUAL'	,'Mecha BREMENO AC. RAPIDO 3.75mm (10 unid]',	'BUENA'	),
(	6281	,	'BREMEN'	,	'MANUAL'	,'Mecha BREMEND AC RAPIDO 4.00mm [10 unid]',	'BUENA'	),
(	6282	,	'BREMEN'	,	'MANUAL'	,'Mecha BREMENO AC RAPIDO 4.25mm (10 unid)',	'BUENA'	),
(	6283	,	'BREMEN'	,	'MANUAL'	,'Mecha BREMENO AC. RAPIDO 4.50mm [10 unid]',	'BUENA'	),
(	6284	,	'BREMEN'	,	'MANUAL'	,'Mecha BREMEN® AC. RAPIDO 4.75mm 10 unid]',	'BUENA'	),
(	6285	,	'BREMEN'	,	'MANUAL'	,'Mecha BREMENO AC. RAPIDO 5.00mm 10 unid]',	'BUENA'	),
(	6286	,	'BREMEN'	,	'MANUAL'	,'Mecha BREMENO AC. RAPIDO 5.25mm [10 unid]',	'BUENA'	),
(	6287	,	'BREMEN'	,	'MANUAL'	,'Mecha BREMENO AC. RAPIDO 5.50mm [10 unid]',	'BUENA'	),
(	6288	,	'BREMEN'	,	'MANUAL'	,'Mecha BREMEN® AC. RAPIDO 5.75mm [10 unid]',	'BUENA'	),
(	6289	,	'BREMEN'	,	'MANUAL'	,'Mecha BREMEN® AC. RAPIDO 6.00mm [10 unid]',	'BUENA'	),
(	6290	,	'BREMEN'	,	'MANUAL'	,'Mecha BREMENO AC. RAPIDO 6.25mm [10 unid]',	'BUENA'	),
(	6291	,	'BREMEN'	,	'MANUAL'	,'Mecha BREMENO AC. RAPIDO 6.50mm [10 unid]',	'BUENA'	),
(	6292	,	'BREMEN'	,	'MANUAL'	,'Mecha BREMEN® AC. RAPIDO 6.75mm [10 unid]',	'BUENA'	),
(	6293	,	'BREMEN'	,	'MANUAL'	,'Mecha BREMENO AC. RAPIDO 7.00mm [10 unid]',	'BUENA'	),
(	6294	,	'BREMEN'	,	'MANUAL'	,'Mecha BREMENO AC. RAPIDO 7.25mm [10 unid]',	'BUENA'	),
(	6295	,	'BREMEN'	,	'MANUAL'	,'Mecha BREMEN® AC. RAPIDO 7,50mm [10 unid]',	'BUENA'	),
(	6296	,	'BREMEN'	,	'MANUAL'	,'Mecha BREMENO AC. RAPIDO 7.75mm [10 unid]',	'BUENA'	),
(	6297	,	'BREMEN'	,	'MANUAL'	,'Mecha BREMENS AC. RAPIDO 8.00mm [10 unid]',	'BUENA'	),
(	6298	,	'BREMEN'	,	'MANUAL'	,'Mecha BREMEN AC. RAPIDO 8.25mm [10 unid]',	'BUENA'	),
(	6299	,	'BREMEN'	,	'MANUAL'	,'Mecha BREMENO AC. RAPIDO 8.50mm [10 unid]',	'BUENA'	),
(	6300	,	'BREMEN'	,	'MANUAL'	,'Mecha BREMEN AC. RAPIDO 8.75mm [10 unid]',	'BUENA'	),
(	6301	,	'BREMEN'	,	'MANUAL'	,'Mecha BREMENS AC. RAPIDO 9.00mm [10 unid]',	'BUENA'	),
(	6302	,	'BREMEN'	,	'MANUAL'	,'Mecha BREMENO AC. RAPIDO 9.25mm [10 unid]',	'BUENA'	),
(	6303	,	'BREMEN'	,	'MANUAL'	,'Mecha BREMENO AC RAPIDO 9.50mm 10 unid]',	'BUENA'	),
(	6304	,	'BREMEN'	,	'MANUAL'	,'Mecha BREMENO AC. RAPIDO 9.75mm [10 unid]',	'BUENA'	),
(	6681	,	'BREMEN'	,	'MANUAL'	,'EXHIBIDOR BREMENO PERFORADO GRANDE (15 Ganchos)',	'BUENA'	),
(	6623	,	'BREMEN'	,	'MANUAL'	,'EXHIBIDOR BREMEN® PERFORADO CHICO (15 Ganchos)',	'BUENA'	),
(	6681	,	'BREMEN'	,	'MANUAL'	,'EXHIBIDOR BREMENO PERFORADO GRANDE (15 Ganchos)',	'BUENA'	),
(	6623	,	'BREMEN'	,	'MANUAL'	,'EXHIBIDOR BREMEN® PERFORADO CHICO (15 Ganchos)',	'BUENA'	),
(	6681	,	'BREMEN'	,	'MANUAL'	,'EXHIBIDOR BREMENO PERFORADO GRANDE (15 Ganchos)',	'BUENA'	),
(	6623	,	'BREMEN'	,	'MANUAL'	,'EXHIBIDOR BREMEN® PERFORADO CHICO (15 Ganchos)',	'BUENA'	),
(	6681	,	'BREMEN'	,	'MANUAL'	,'EXHIBIDOR BREMENO PERFORADO GRANDE (15 Ganchos)',	'BUENA'	),
(	6623	,	'BREMEN'	,	'MANUAL'	,'EXHIBIDOR BREMEN® PERFORADO CHICO (15 Ganchos)',	'BUENA'	),
(	6681	,	'BREMEN'	,	'MANUAL'	,'EXHIBIDOR BREMENO PERFORADO GRANDE (15 Ganchos)',	'BUENA'	),
(	6623	,	'BREMEN'	,	'MANUAL'	,'EXHIBIDOR BREMEN® PERFORADO CHICO (15 Ganchos)',	'BUENA'	),
(	6681	,	'BREMEN'	,	'MANUAL'	,'EXHIBIDOR BREMENO PERFORADO GRANDE (15 Ganchos)',	'BUENA'	),
(	6623	,	'BREMEN'	,	'MANUAL'	,'EXHIBIDOR BREMEN® PERFORADO CHICO (15 Ganchos)',	'BUENA'	),
(	6681	,	'BREMEN'	,	'MANUAL'	,'EXHIBIDOR BREMENO PERFORADO GRANDE (15 Ganchos)',	'BUENA'	),
(	6623	,	'BREMEN'	,	'MANUAL'	,'EXHIBIDOR BREMEN® PERFORADO CHICO (15 Ganchos)',	'BUENA'	),
(	6681	,	'BREMEN'	,	'MANUAL'	,'EXHIBIDOR BREMENO PERFORADO GRANDE (15 Ganchos)',	'BUENA'	),
(	6623	,	'BREMEN'	,	'MANUAL'	,'EXHIBIDOR BREMEN® PERFORADO CHICO (15 Ganchos)',	'BUENA'	),
(	6681	,	'BREMEN'	,	'MANUAL'	,'EXHIBIDOR BREMENO PERFORADO GRANDE (15 Ganchos)',	'BUENA'	),
(	6623	,	'BREMEN'	,	'MANUAL'	,'EXHIBIDOR BREMEN® PERFORADO CHICO (15 Ganchos)',	'BUENA'	),
(	6681	,	'BREMEN'	,	'MANUAL'	,'EXHIBIDOR BREMENO PERFORADO GRANDE (15 Ganchos)',	'BUENA'	),
(	6623	,	'BREMEN'	,	'MANUAL'	,'EXHIBIDOR BREMEN® PERFORADO CHICO (15 Ganchos)',	'BUENA'	);

/*
INSERT INTO socios (id, nombre, apellido, tipo_documento, numero_documento, direccion, celular, telefono_linea, email, comentarios) VALUES
(1, 'Juan', 'Pérez', 'DNI', '12345678', 'Av. Corrientes 1234', '1155556666', '0114444444', 'jperez@gmail.com', NULL),
(2, 'Ana', 'García', 'LC', '87654321', 'Calle San Martín 432', '1166667777', NULL, 'agarcia@hotmail.com', NULL),
(3, 'Luis', 'Fernández', 'DNI', '23456789', 'Av. Juan B. Justo 5678', '1144443333', '0113333333', 'lfernandez@yahoo.com', NULL),
(4, 'María', 'Rodríguez', 'LE', '34567890', 'Calle Córdoba 123', '1155554444', NULL, 'mrodriguez@outlook.com', NULL),
(5, 'Carlos', 'González', 'PASS', 'AB123456', 'Av. Rivadavia 9876', '1166665555', NULL, 'cgonzalez@gmail.com', NULL),
(6, 'Sofía', 'Acosta', 'DNI', '45678901', 'Calle Florida 432', '1144442222', '0112222222', 'sacosta@hotmail.com', NULL),
(7, 'Juan Pablo', 'Gómez', 'LC', '56789012', 'Av. Santa Fe 3456', '1155551111', NULL, 'jpgomez@yahoo.com.ar', NULL),
(8, 'Ana María', 'Díaz', 'DNI', '67890123', 'Calle Lavalle 567', '1166668888', NULL, 'amdiaz@gmail.com', NULL),
(9, 'Martín', 'Vargas', 'LE', '78901234', 'Av. Cabildo 9012', '1144447777', '0117777777', 'mvargas@hotmail.com', NULL),
(10, 'Valentina', 'Romero', 'DNI', '89012345', 'Calle Corrientes 5678', '1155550000', NULL, 'vromero@outlook.com', NULL),
(11, 'Agustín', 'Álvarez', 'PASS', 'CD987654', 'Av. Callao 1234', '1166663333', NULL, 'aalvarez@yahoo.com', NULL),
(12, 'Lucía', 'Torres', 'DNI', '01234567', 'Calle Sarmiento 432', '1144444444', '0115555555', 'ltorres@gmail.com', NULL),
(13, 'Santiago', 'Castro', 'LC', '23456789', 'Av. Pueyrredón 5678', '1155552222', NULL, 'scastro@hotmail.com', NULL),
(14, 'Florencia', 'Flores', 'DNI', '34567890', 'Calle Belgrano 123', '1166669999', NULL, 'fflores@outlook.com', NULL),
(15, 'José', 'Sánchez', 'LE', '45678901', 'Av. Corrientes 6789', '1144441111', '0118888888', 'jsanchez@yahoo.com.ar', NULL),
(16, 'Camila', 'Benítez', 'DNI', '56789012', 'Calle Florida 876', '1155557777', NULL, 'cbenitez@gmail.com', NULL),
(17, 'Nicolás', 'Acuña', 'LC', '67890123', 'Av. Juan B. Justo 9012', '1166662222', NULL, 'nacuna@hotmail.com', NULL),
(18, 'Victoria', 'Gutiérrez', 'DNI', '78901234', 'Calle Lavalle 901', '1144446666', '0119999999', 'vgutierrez@yahoo.com', NULL),
(19, 'Sebastián', 'Ríos', 'PASS', 'EF123456', 'Av. Santa Fe 6789', '1155553333', NULL, 'srios@outlook.com', NULL),
(20, 'Mariana', 'Mendoza', 'DNI', '90123456', 'Calle Córdoba 567', '1166664444', NULL, 'mmendoza@gmail.com', NULL);

INSERT INTO socios (id, nombre, apellido, tipo_documento, numero_documento, direccion, celular, telefono_linea, email, comentarios) VALUES
(21, 'Mikhail', 'Ivanov', 'PASS', 'AB234567', 'ul. Tverskaya 1, Moscú, Rusia', '79991234567', NULL, 'mivanov@gmail.com', NULL),
(22, 'Katarzyna', 'Nowak', 'DNI', '34567891', 'ul. Nowowiejska 1, Varsovia, Polonia', '48501123456', NULL, 'knowak@yahoo.com', NULL),
(23, 'Alexandru', 'Popescu', 'CI', '1234567', 'Str. Lipscani 1, Bucarest, Rumania', '40721234567', NULL, 'apopescu@hotmail.com', NULL),
(24, 'Olga', 'Kuznetsova', 'PASS', 'CD345678', 'ул. Арбат 1, Moscú, Rusia', '79161234567', NULL, 'okuznetsova@gmail.com', NULL),
(25, 'Dmitri', 'Petrov', 'DNI', '56789123', 'ul. Krymska 1, Kiev, Ucrania', '380501234567', NULL, 'dpetrov@hotmail.com', NULL);

INSERT INTO socios (id, nombre, apellido, tipo_documento, numero_documento, direccion, celular, telefono_linea, email, comentarios) VALUES
(26, 'Giuseppe', 'Russo', 'CI', 'AB123456', 'Via Garibaldi 1, Roma, Italia', '393401234567', NULL, 'grusso@gmail.com', NULL),
(27, 'Sofia', 'Conti', 'PASS', 'CD234567', 'Corso Vittorio Emanuele 1, Milán, Italia', '393401234568', NULL, 'sconti@yahoo.com', NULL),
(28, 'Luigi', 'Lombardi', 'DNI', '3456789', 'Piazza del Popolo 1, Florencia, Italia', '393401234569', NULL, 'llombardi@hotmail.com', NULL),
(29, 'Francesca', 'Romano', 'PASS', 'EF345678', 'Via del Corso 1, Nápoles, Italia', '393401234570', NULL, 'fromano@gmail.com', NULL),
(30, 'Alessandro', 'Moretti', 'CI', '12345678', 'Piazza Navona 1, Venecia, Italia', '393401234571', NULL, 'amoretti@hotmail.com', NULL);


INSERT INTO prestamos (id_herramienta, id_socio, tipo_prestamo_hs, fecha_prestamo, fecha_devolucion, estado_devolucion, observaciones) VALUES
(1, 11, 'h24', '2023-06-10', '2023-06-11', 'TERMINADO', 'Ninguna'),
(2, 12, 'h48', '2023-06-05', '2023-06-07', 'TERMINADO', 'Ninguna'),
(3, 13, 'h72', '2023-06-02', '2023-06-05', 'TERMINADO', 'Ninguna'),
(4, 14, 'h24', '2023-06-08', '2023-06-09', 'TERMINADO', 'Ninguna'),
(5, 15, 'h48', '2023-06-01', '2023-06-03', 'TERMINADO', 'Ninguna'),
(6, 16, 'h72', '2023-06-07', '2023-06-10', 'PENDIENTE', 'Ninguna'),
(7, 17, 'h24', '2023-06-12', NULL, 'PENDIENTE', 'Ninguna'),
(8, 18, 'h48', '2023-06-03', NULL, 'PENDIENTE', 'Ninguna'),
(9, 19, 'h72', '2023-06-06', NULL, 'PENDIENTE', 'Ninguna'),
(10, 11, 'h24', '2023-06-09', NULL, 'PENDIENTE', 'Ninguna'),
(11, 10, 'h48', '2023-06-02', NULL, 'PENDIENTE', 'Ninguna'),
(12, 10, 'h72', '2023-06-04', NULL, 'PENDIENTE', 'Ninguna'),
(13, 10, 'h24', '2023-06-11', NULL, 'PENDIENTE', 'Ninguna'),
(14, 14, 'h48', '2023-06-01', NULL, 'PENDIENTE', 'Ninguna'),
(15, 15, 'h72', '2023-06-03', NULL, 'PENDIENTE', 'Ninguna'),
(16, 16, 'h24', '2023-06-07', NULL, 'PENDIENTE', 'Ninguna'),
(17, 17, 'h48', '2023-06-04', NULL, 'PENDIENTE', 'Ninguna'),
(18, 18, 'h72', '2023-06-10', NULL, 'PENDIENTE', 'Ninguna'),
(19, 19, 'h24', '2023-06-05', NULL, 'PENDIENTE', 'Ninguna'),
(22, 1, 'h24', '2023-06-05', NULL, 'PENDIENTE', 'Ninguna'),
(23, 1, 'h24', '2023-06-05', NULL, 'PENDIENTE', 'Ninguna'),
(25, 1, 'h24', '2023-06-05', NULL, 'PENDIENTE', 'Ninguna'),
(20, 22, 'h48', '2023-06-08', NULL, 'PENDIENTE', 'Ninguna');
*/

select * from herramientas;